{
  "baseline": {
    "label": "LightGBM Baseline",
    "accuracy": 0.9049318596957887,
    "precision": 0.9078412051084422,
    "recall": 0.9805266651914141,
    "roc_auc": 0.9206846609570951
  },
  "xgboost": {
    "label": "Tuned XGBoost",
    "accuracy": 0.9046709147383395,
    "precision": 0.9082356389214536,
    "recall": 0.9796415136092056,
    "roc_auc": 0.9208482548347702
  },
  "search_time_min": 35.31,
  "train_time_s": 29.9
}